Gunler,Kumbara
Pazartesi,1
Sali,2
Carsamba,3
Persembe,4
Cuma,5
Cumartesi,6
Pazar,7
Pazartesi,8
Sali,9
Carsamba,10
Persembe,11
Cuma,12
Cumartesi,13
Pazar,14
Pazartesi,15
Sali,16
Carsamba,17
Persembe,18
Cuma,19
Cumartesi,20
Pazar,21
Pazartesi,22
Sali,23
Carsamba,24
Persembe,25
Cuma,26
Cumartesi,27
Pazar,28
Pazartesi,29
Sali,30
Carsamba,31
Persembe,32
Cuma,33
Cumartesi,34
Pazar,35
Pazartesi,36
Sali,37
Carsamba,38
Persembe,39
Cuma,40
Cumartesi,41
Pazar,42
Pazartesi,43
Sali,44
Carsamba,45
Persembe,46
Cuma,47
Cumartesi,48
Pazar,49
Pazartesi,50
Sali,51
Carsamba,52
Persembe,53
Cuma,54
Cumartesi,55
Pazar,56
Pazartesi,57
Sali,58
Carsamba,59
Persembe,60
Cuma,61
Cumartesi,62
Pazar,63
Pazartesi,64
Sali,65
Carsamba,66
Persembe,67
Cuma,68
Cumartesi,69
Pazar,70
Pazartesi,71
Sali,72
Carsamba,73
Persembe,74
Cuma,75
Cumartesi,76
Pazar,77
Pazartesi,78
Sali,79
Carsamba,80
Persembe,81
Cuma,82
Cumartesi,83
Pazar,84
Pazartesi,85
Sali,86
Carsamba,87
Persembe,88
Cuma,89
Cumartesi,90
Pazar,91
Pazartesi,92
Sali,93
Carsamba,94
Persembe,95
Cuma,96
Cumartesi,97
Pazar,98
Pazartesi,99
Sali,100
Carsamba,101
Persembe,102
Cuma,103
Cumartesi,104
Pazar,105
Pazartesi,106
Sali,107
Carsamba,108
Persembe,109
Cuma,110
Cumartesi,111
Pazar,112
Pazartesi,113
Sali,114
Carsamba,115
Persembe,116
Cuma,117
Cumartesi,118
Pazar,119
Pazartesi,120
Sali,121
Carsamba,122
Persembe,123
Cuma,124
Cumartesi,125
Pazar,126
Pazartesi,127
Sali,128
Carsamba,129
Persembe,130
Cuma,131
Cumartesi,132
Pazar,133
Pazartesi,134
Sali,135
Carsamba,136
Persembe,137
Cuma,138
Cumartesi,139
Pazar,140
Pazartesi,141
Sali,142
Carsamba,143
Persembe,144
Cuma,145
Cumartesi,146
Pazar,147
Pazartesi,148
Sali,149
Carsamba,150
Persembe,151
Cuma,152
Cumartesi,153
Pazar,154
Pazartesi,155
Sali,156
Carsamba,157
Persembe,158
Cuma,159
Cumartesi,160
Pazar,161
Pazartesi,162
Sali,163
Carsamba,164
Persembe,165
Cuma,166
Cumartesi,167
Pazar,168
Pazartesi,169
Sali,170
Carsamba,171
Persembe,172
Cuma,173
Cumartesi,174
Pazar,175
Pazartesi,176
Sali,177
Carsamba,178
Persembe,179
Cuma,180
Cumartesi,181
Pazar,182
Pazartesi,183
Sali,184
Carsamba,185
Persembe,186
Cuma,187
Cumartesi,188
Pazar,189
Pazartesi,190
Sali,191
Carsamba,192
Persembe,193
Cuma,194
Cumartesi,195
Pazar,196
Pazartesi,197
Sali,198
Carsamba,199
Persembe,200
Cuma,201
Cumartesi,202
Pazar,203
Pazartesi,204
Sali,205
Carsamba,206
Persembe,207
Cuma,208
Cumartesi,209
Pazar,210
Pazartesi,211
Sali,212
Carsamba,213
Persembe,214
Cuma,215
Cumartesi,216
Pazar,217
Pazartesi,218
Sali,219
Carsamba,220
Persembe,221
Cuma,222
Cumartesi,223
Pazar,224
Pazartesi,225
Sali,226
Carsamba,227
Persembe,228
Cuma,229
Cumartesi,230
Pazar,231
Pazartesi,232
Sali,233
Carsamba,234
Persembe,235
Cuma,236
Cumartesi,237
Pazar,238
Pazartesi,239
Sali,240
Carsamba,241
Persembe,242
Cuma,243
Cumartesi,244
Pazar,245
Pazartesi,246
Sali,247
Carsamba,248
Persembe,249
Cuma,250